City_ID,City,Cloudiness,Country,Current Description,Humidity,Lat,Lng,Max Temp,Rain (inches),Snow (inches),Wind Speed
0,saint-philippe,100,RE,light rain,82,-21.3585,55.7679,69.39,0.51,0.51,20.22
1,bani,50,DO,scattered clouds,79,18.2833,-70.3333,77.86,0.0,0.0,10.16
2,dingle,42,PH,scattered clouds,58,10.9995,122.6711,90.12,0.0,0.0,16.37
3,ushuaia,40,AR,scattered clouds,71,-54.8,-68.3,46.06,0.0,0.0,3.44
4,castro,30,BR,scattered clouds,74,-24.7911,-50.0119,33.55,0.0,0.0,9.53
5,souillac,40,MU,light rain,68,-20.5167,57.5167,71.98,0.19,0.19,17.27
6,nome,90,US,light rain,87,64.5011,-165.4064,51.87,0.0,0.0,24.16
7,namatanai,28,PG,light rain,71,-3.6667,152.4333,83.5,0.35,0.35,4.21
8,masterton,19,NZ,few clouds,78,-40.9597,175.6575,58.95,0.0,0.0,1.07
9,leningradskiy,100,RU,snow,100,69.3833,178.4167,33.24,0.0,0.0,16.26
10,hermanus,98,ZA,overcast clouds,72,-34.4187,19.2345,60.8,0.0,0.0,23.0
11,charagua,8,BO,clear sky,40,-19.8,-63.2167,43.12,0.0,0.0,4.79
12,bell ville,0,AR,clear sky,50,-32.6259,-62.6887,37.92,0.0,0.0,1.03
13,kulhudhuffushi,100,MV,overcast clouds,74,6.6221,73.07,82.56,0.0,0.0,12.64
14,kalemie,1,CD,clear sky,55,-5.9475,29.1947,67.59,0.0,0.0,2.42
15,mar del plata,0,AR,clear sky,68,-38.0023,-57.5575,42.13,0.0,0.0,5.01
16,rikitea,48,PF,light rain,82,-23.1203,-134.9692,73.31,0.87,0.87,11.7
17,araouane,21,ML,few clouds,39,18.9048,-3.5265,91.96,0.0,0.0,10.71
18,punta arenas,0,CL,clear sky,71,-53.15,-70.9167,46.51,0.0,0.0,5.75
19,pisco,5,PE,mist,88,-13.7,-76.2167,61.02,0.0,0.0,5.75
20,srednekolymsk,100,RU,light rain,97,67.45,153.6833,38.59,0.34,0.34,10.29
21,mataura,77,NZ,broken clouds,80,-46.1927,168.8643,55.47,0.0,0.0,4.38
22,ostrovnoy,100,RU,overcast clouds,74,68.0531,39.5131,47.08,0.0,0.0,4.54
23,quelimane,20,MZ,few clouds,100,-17.8786,36.8883,57.15,0.0,0.0,3.0
24,carnarvon,75,AU,broken clouds,60,-24.8667,113.6333,68.07,0.1,0.1,10.36
25,busselton,29,AU,scattered clouds,73,-33.65,115.3333,65.05,0.0,0.0,29.06
26,faanui,29,PF,scattered clouds,68,-16.4833,-151.75,78.51,0.0,0.0,2.24
27,manggar,91,ID,overcast clouds,69,-2.8833,108.2667,84.52,0.0,0.0,14.14
28,isangel,20,VU,few clouds,54,-19.55,169.2667,80.71,0.0,0.0,9.22
29,cooma,0,AU,clear sky,37,-36.2333,149.1333,51.57,0.0,0.0,12.66
30,falmouth,75,GB,broken clouds,92,50.1544,-5.0711,59.9,0.0,0.0,1.99
31,avarua,90,CK,moderate rain,94,-21.2078,-159.775,66.25,0.59,0.59,9.22
32,bissau,100,GW,light rain,88,11.8636,-15.5977,77.38,0.81,0.81,11.5
33,vila franca do campo,65,PT,broken clouds,84,37.7167,-25.4333,70.21,0.0,0.0,7.29
34,sao jose da coroa grande,4,BR,clear sky,86,-8.8978,-35.1478,72.7,0.0,0.0,2.39
35,chiredzi,0,ZW,clear sky,71,-21.05,31.6667,52.2,0.0,0.0,2.86
36,snasa,56,NO,broken clouds,61,64.2457,12.3778,66.69,0.0,0.0,3.83
37,atuona,61,PF,broken clouds,68,-9.8,-139.0333,77.29,0.0,0.0,16.78
38,saskylakh,83,RU,broken clouds,32,71.9167,114.0833,78.39,0.0,0.0,14.18
39,carutapera,6,BR,clear sky,87,-1.195,-46.02,75.63,0.0,0.0,4.41
40,marsabit,100,KE,overcast clouds,76,2.3284,37.9899,58.5,0.0,0.0,17.09
41,thompson,75,CA,broken clouds,76,55.7435,-97.8558,53.76,0.0,0.0,2.3
42,longyearbyen,90,SJ,overcast clouds,93,78.2186,15.6401,42.64,0.0,0.0,5.75
43,jamestown,1,US,clear sky,75,42.097,-79.2353,67.64,0.0,0.0,1.01
44,yining,5,CN,clear sky,51,29.0361,114.5636,93.09,0.0,0.0,2.33
45,bandarbeyla,89,SO,overcast clouds,61,9.4942,50.8122,80.89,0.0,0.0,25.17
46,morant bay,40,JM,scattered clouds,83,17.8815,-76.4093,82.02,0.0,0.0,7.83
47,blackwater,6,AU,clear sky,30,-23.5833,148.8833,83.07,0.0,0.0,12.59
48,sarkand,0,KZ,clear sky,22,45.41,79.9186,77.49,0.0,0.0,6.85
49,vaini,20,TO,few clouds,78,-21.2,-175.2,73.56,0.0,0.0,8.05
50,port alfred,17,ZA,few clouds,86,-33.5906,26.891,54.97,0.0,0.0,10.11
51,ukiah,5,US,clear sky,47,39.1502,-123.2078,78.37,0.0,0.0,3.18
52,khatanga,86,RU,overcast clouds,52,71.9667,102.5,72.28,0.0,0.0,8.68
53,narsaq,75,GL,broken clouds,93,60.9167,-46.05,48.42,0.0,0.0,3.53
54,arman,100,RU,overcast clouds,81,59.7,150.1667,49.87,0.0,0.0,6.98
55,tiarei,32,PF,light rain,76,-17.5333,-149.3333,80.01,0.23,0.23,5.39
56,hays,67,US,broken clouds,75,30.0502,-98.0336,84.96,0.0,0.0,1.01
57,kaitangata,44,NZ,scattered clouds,77,-46.2817,169.8464,53.92,0.0,0.0,9.1
58,kouroussa,100,GN,light rain,96,10.65,-9.8833,70.25,0.18,0.18,7.25
59,esperance,41,AU,scattered clouds,67,-33.8667,121.9,62.44,0.0,0.0,25.1
60,yerbogachen,0,RU,clear sky,42,61.2767,108.0108,83.8,0.0,0.0,12.21
61,lompoc,90,US,overcast clouds,83,34.6391,-120.4579,66.11,0.0,0.0,6.91
62,tiksi,22,RU,few clouds,70,71.6872,128.8694,46.71,0.0,0.0,8.9
63,arraial do cabo,100,BR,overcast clouds,87,-22.9661,-42.0278,63.95,0.0,0.0,27.49
64,new norfolk,39,AU,light rain,45,-42.7826,147.0587,53.92,0.13,0.13,11.48
65,tuktoyaktuk,75,CA,broken clouds,76,69.4541,-133.0374,53.6,0.0,0.0,10.36
66,hithadhoo,100,MV,moderate rain,74,-0.6,73.0833,80.58,3.65,3.65,5.19
67,vestmannaeyjar,20,IS,few clouds,85,63.4427,-20.2734,53.51,0.0,0.0,6.29
68,nha trang,97,VN,overcast clouds,51,12.25,109.1833,96.8,0.0,0.0,1.79
69,zhangye,0,CN,clear sky,11,38.9342,100.4517,91.72,0.0,0.0,4.47
70,bredasdorp,69,ZA,broken clouds,62,-34.5322,20.0403,60.28,0.0,0.0,16.11
71,hobart,75,AU,broken clouds,64,-42.8794,147.3294,54.27,0.0,0.0,8.99
72,kahului,40,US,scattered clouds,76,20.8947,-156.47,81.66,0.0,0.0,18.41
73,dunmore town,7,BS,clear sky,77,25.5,-76.65,83.34,0.0,0.0,10.51
74,mount gambier,40,AU,scattered clouds,87,-37.8333,140.7667,53.51,0.0,0.0,9.22
75,siilinjarvi,100,FI,shower rain,94,63.0833,27.6667,62.62,0.13,0.13,6.91
76,ponta delgada,75,PT,broken clouds,88,37.7333,-25.6667,70.52,0.0,0.0,4.61
77,bethel,75,US,broken clouds,85,41.3712,-73.414,70.48,0.0,0.0,4.61
78,punta alta,5,AR,clear sky,57,-38.8759,-62.0736,42.28,0.0,0.0,14.54
79,bartica,7,GY,clear sky,98,6.4,-58.6167,75.52,0.0,0.0,1.95
80,broome,0,US,clear sky,93,42.2506,-75.833,61.66,0.0,0.0,0.87
81,balykshi,0,KZ,clear sky,33,47.0667,51.8667,75.2,0.0,0.0,8.95
82,port elizabeth,0,ZA,clear sky,87,-33.918,25.5701,50.29,0.0,0.0,8.05
83,yellowknife,75,CA,broken clouds,94,62.456,-114.3525,62.29,0.0,0.0,9.22
84,verkhnyaya inta,100,RU,overcast clouds,83,65.9811,60.3094,46.83,0.0,0.0,1.95
85,qaanaaq,100,GL,light rain,93,77.484,-69.3632,43.0,0.15,0.15,1.63
86,brae,100,GB,overcast clouds,98,60.3964,-1.353,57.11,0.0,0.0,8.19
87,lorengau,43,PG,scattered clouds,72,-2.0226,147.2712,85.14,0.0,0.0,7.49
88,boli,94,CN,overcast clouds,45,45.7667,130.5167,91.78,0.0,0.0,5.64
89,nabire,38,ID,scattered clouds,78,-3.3667,135.4833,83.19,0.0,0.0,1.97
90,provideniya,75,RU,drizzle,81,64.3833,-173.3,48.31,0.0,0.0,15.66
91,vila velha,20,BR,few clouds,88,-20.3297,-40.2925,69.75,0.0,0.0,5.75
92,saint-leu,75,RE,broken clouds,77,-21.15,55.2833,68.86,0.0,0.0,8.93
93,dikson,67,RU,broken clouds,94,73.5069,80.5464,39.2,0.0,0.0,9.53
94,minab,96,IR,overcast clouds,34,27.1467,57.0801,92.7,0.0,0.0,1.16
95,qui nhon,34,VN,scattered clouds,53,13.7667,109.2333,91.96,0.0,0.0,16.6
96,galich,97,RU,overcast clouds,79,58.3797,42.3475,63.5,0.0,0.0,5.66
97,albany,45,US,scattered clouds,85,42.6001,-73.9662,64.58,0.0,0.0,1.72
98,pando,20,UY,few clouds,56,-34.7167,-55.95,45.99,0.0,0.0,12.66
99,victoria,99,HK,overcast clouds,77,22.2855,114.1577,91.45,0.0,0.0,1.01
100,san vicente de canete,36,PE,scattered clouds,84,-13.0751,-76.3835,63.18,0.0,0.0,2.3
101,hambantota,20,LK,few clouds,74,6.1241,81.1185,86.34,0.0,0.0,11.5
102,pacific grove,40,US,scattered clouds,86,36.6177,-121.9166,69.15,0.0,0.0,1.01
103,muros,7,ES,clear sky,79,42.7762,-9.0603,63.09,0.0,0.0,10.54
104,vao,80,NC,broken clouds,72,-22.6667,167.4833,69.89,0.0,0.0,14.0
105,yumen,0,CN,clear sky,13,40.2833,97.2,91.0,0.0,0.0,17.45
106,asilah,6,MA,clear sky,84,35.465,-6.0348,75.16,0.0,0.0,6.4
107,kapaa,75,US,broken clouds,72,22.0752,-159.319,84.18,0.0,0.0,1.99
108,henties bay,0,NA,clear sky,89,-22.116,14.2845,52.86,0.0,0.0,9.53
109,georgetown,40,MY,scattered clouds,74,5.4112,100.3354,85.98,0.0,0.0,1.99
110,kruisfontein,78,ZA,broken clouds,88,-34.0033,24.7314,48.58,0.0,0.0,6.17
111,honiara,32,SB,scattered clouds,77,-9.4333,159.95,83.12,0.0,0.0,5.37
112,kamenka,100,RU,light rain,52,51.3223,42.7678,70.7,1.0,1.0,2.48
113,cape town,75,ZA,moderate rain,84,-33.9258,18.4232,54.88,2.29,2.29,5.99
114,digha,100,IN,moderate rain,93,21.6833,87.55,78.46,1.33,1.33,15.79
115,carcassonne,0,FR,clear sky,89,43.25,2.1667,68.68,0.0,0.0,8.05
116,chokurdakh,97,RU,overcast clouds,56,70.6333,147.9167,47.25,0.0,0.0,8.52
117,igrim,85,RU,overcast clouds,84,63.1906,64.4162,48.34,0.0,0.0,3.06
118,hovd,0,MN,clear sky,37,48.0056,91.6419,68.4,0.0,0.0,7.7
119,selkirk,1,CA,clear sky,86,50.1436,-96.8845,71.67,0.0,0.0,5.99
120,kralendijk,0,BQ,clear sky,78,12.15,-68.2667,82.38,0.0,0.0,19.57
121,ribeira grande,19,PT,few clouds,88,38.5167,-28.7,70.27,0.0,0.0,8.37
122,bengkulu,58,ID,broken clouds,66,-3.8004,102.2655,84.6,0.0,0.0,7.58
123,xai-xai,0,MZ,clear sky,81,-25.0519,33.6442,57.29,0.0,0.0,7.23
124,riyadh,100,SA,overcast clouds,14,24.6877,46.7219,87.94,0.0,0.0,8.77
125,katsuura,20,JP,few clouds,77,35.1333,140.3,87.91,0.0,0.0,14.7
126,corinth,0,GR,clear sky,45,37.9407,22.9573,85.62,0.0,0.0,2.13
127,shizunai,10,JP,clear sky,81,42.3339,142.3669,75.94,0.0,0.0,17.0
128,tamworth,46,GB,scattered clouds,83,52.634,-1.6959,54.63,0.0,0.0,4.0
129,pachino,0,IT,clear sky,55,36.7186,15.0907,75.24,0.0,0.0,4.63
130,kodiak,90,US,overcast clouds,59,57.79,-152.4072,60.31,0.0,0.0,6.91
131,gunnedah,0,AU,clear sky,46,-30.9833,150.25,60.42,0.0,0.0,5.99
132,khorramshahr,0,IR,clear sky,32,30.4397,48.1664,84.16,0.0,0.0,2.3
133,ancud,8,CL,clear sky,92,-41.8697,-73.8203,44.13,0.0,0.0,4.29
134,boquira,0,BR,clear sky,38,-12.8231,-42.7306,67.98,0.0,0.0,2.28
135,kropotkin,3,RU,clear sky,43,45.4375,40.5756,71.26,0.0,0.0,3.87
136,antofagasta,7,CL,clear sky,59,-23.65,-70.4,63.21,0.0,0.0,6.91
137,sur,61,OM,broken clouds,44,22.5667,59.5289,95.77,0.0,0.0,8.81
138,tabas,0,IR,clear sky,15,33.5959,56.9244,88.29,0.0,0.0,10.98
139,agirish,100,RU,overcast clouds,81,61.9247,63.0231,45.68,0.0,0.0,7.0
140,wajir,75,KE,broken clouds,83,1.7471,40.0573,73.36,0.0,0.0,5.75
141,praya,75,CV,broken clouds,69,14.9215,-23.5087,75.74,0.0,0.0,9.22
142,waldkirchen,54,DE,broken clouds,95,48.7327,13.6008,60.69,0.0,0.0,1.03
143,nikolskoye,61,RU,broken clouds,92,59.7035,30.7861,67.89,0.0,0.0,6.4
144,yulara,3,AU,clear sky,23,-25.2406,130.9889,76.84,0.0,0.0,17.27
145,butaritari,9,KI,light rain,71,3.0707,172.7902,82.62,0.61,0.61,9.42
146,knyaginino,100,RU,light rain,76,55.8228,45.0349,63.1,0.21,0.21,1.1
147,veraval,100,IN,overcast clouds,84,20.9,70.3667,82.22,0.0,0.0,24.14
148,praia,75,CV,broken clouds,69,14.9215,-23.5087,75.74,0.0,0.0,9.22
149,tasiilaq,84,GL,broken clouds,64,65.6145,-37.6368,42.91,0.0,0.0,6.2
150,vardo,100,NO,overcast clouds,90,70.3705,31.1107,46.6,0.0,0.0,7.45
151,roseburg,1,US,clear sky,22,43.2165,-123.3417,89.71,0.0,0.0,8.05
152,la vista,1,US,clear sky,76,41.1839,-96.0311,88.56,0.0,0.0,1.01
153,klaksvik,100,FO,overcast clouds,99,62.2266,-6.589,50.92,0.0,0.0,13.98
154,bluff,81,NZ,broken clouds,75,-46.6,168.3333,55.8,0.0,0.0,8.12
155,makakilo city,75,US,broken clouds,63,21.3469,-158.0858,82.72,0.0,0.0,8.05
156,alyangula,84,AU,broken clouds,65,-13.8483,136.4192,84.07,0.0,0.0,8.05
157,turka,9,UA,clear sky,91,49.1541,23.0297,64.8,0.0,0.0,2.39
158,toshkivka,56,UA,broken clouds,51,48.7791,38.579,75.22,0.0,0.0,9.24
159,coquimbo,90,CL,overcast clouds,93,-29.9533,-71.3436,49.73,0.0,0.0,2.3
160,iqaluit,20,CA,few clouds,81,63.7506,-68.5145,42.53,0.0,0.0,1.99
161,whitehorse,40,CA,scattered clouds,48,60.7161,-135.0538,68.02,0.0,0.0,11.01
162,asau,15,RO,few clouds,71,46.4333,26.4,66.96,0.0,0.0,6.11
163,ponta do sol,25,PT,scattered clouds,78,32.6667,-17.1,73.0,0.0,0.0,7.0
164,mahebourg,40,MU,light rain,68,-20.4081,57.7,71.89,0.11,0.11,17.27
165,havoysund,97,NO,overcast clouds,87,70.9963,24.6622,47.28,0.0,0.0,8.05
166,spring valley,75,US,broken clouds,24,36.108,-115.245,99.79,0.0,0.0,1.99
167,otane,6,NZ,clear sky,67,-39.8833,176.6333,60.39,0.0,0.0,3.11
168,port shepstone,0,ZA,clear sky,35,-30.7414,30.455,60.31,0.0,0.0,7.34
169,wewak,60,PG,broken clouds,71,-3.5534,143.6268,84.72,0.0,0.0,5.37
170,kirakira,23,SB,few clouds,71,-10.4544,161.9205,83.84,0.0,0.0,5.99
171,cidreira,93,BR,overcast clouds,72,-30.1811,-50.2056,44.92,0.0,0.0,21.52
172,puerto ayora,35,EC,scattered clouds,89,-0.7393,-90.3518,71.29,0.0,0.0,5.97
173,los llanos de aridane,20,ES,few clouds,86,28.6585,-17.9182,67.75,0.0,0.0,12.66
174,ketchikan,75,US,broken clouds,72,55.3422,-131.6461,63.07,0.0,0.0,4.61
175,lebu,0,CL,clear sky,74,-37.6167,-73.65,48.63,0.0,0.0,6.08
176,suez,0,EG,clear sky,56,29.9737,32.5263,76.42,0.0,0.0,7.31
177,jishou,19,CN,few clouds,63,28.3167,109.7167,91.15,0.0,0.0,0.85
178,cabo san lucas,0,MX,clear sky,66,22.8909,-109.9124,87.62,0.0,0.0,1.99
179,lata,1,PT,clear sky,94,40.1629,-8.3327,59.81,0.0,0.0,1.41
180,mahajanga,20,MG,few clouds,72,-15.7167,46.3167,64.42,0.0,0.0,5.75
181,betsiamites,50,CA,scattered clouds,71,48.9413,-68.646,55.8,0.0,0.0,5.79
182,geraldton,90,AU,overcast clouds,72,-28.7667,114.6,67.12,0.0,0.0,18.41
183,amparafaravola,94,MG,overcast clouds,90,-17.5833,48.2167,58.71,0.0,0.0,7.45
184,ayorou,47,NE,scattered clouds,71,14.7308,0.9174,80.53,0.0,0.0,12.48
185,severo-kurilsk,87,RU,overcast clouds,90,50.6789,156.125,59.14,0.0,0.0,1.34
186,baykit,59,RU,broken clouds,52,61.67,96.37,78.93,0.0,0.0,4.59
187,batemans bay,0,AU,clear sky,29,-35.7167,150.1833,65.1,0.0,0.0,2.95
188,macon,1,US,clear sky,89,39.8667,-88.9668,80.35,0.0,0.0,3.44
189,hemsedal,98,NO,light rain,100,60.8629,8.5534,58.32,0.29,0.29,4.25
190,avera,67,US,broken clouds,69,33.194,-82.5271,81.72,0.0,0.0,3.15
191,povenets,100,RU,light rain,91,62.8487,34.8262,61.05,0.21,0.21,3.33
192,inuvik,75,CA,broken clouds,89,68.3499,-133.7218,61.66,0.0,0.0,9.22
193,mayo,90,US,haze,81,38.8876,-76.5119,79.21,0.0,0.0,8.01
194,teruel,1,ES,clear sky,72,40.6667,-0.6667,60.76,0.0,0.0,4.61
195,leh,100,IN,overcast clouds,61,34.1667,77.5833,60.57,0.0,0.0,5.03
196,caravelas,24,BR,few clouds,92,-17.7125,-39.2481,72.28,0.0,0.0,10.36
197,prata,97,BR,overcast clouds,24,-19.3072,-48.9242,53.28,0.0,0.0,11.18
198,hilo,90,US,heavy intensity rain,83,19.7297,-155.09,80.33,10.16,10.16,10.36
199,saint george,1,US,clear sky,26,37.1041,-113.5841,97.39,0.0,0.0,1.01
200,tazmalt,0,DZ,clear sky,29,36.3868,4.3989,82.18,0.0,0.0,4.27
201,port hedland,2,AU,clear sky,36,-20.3167,118.5667,80.65,0.0,0.0,18.41
202,te anau,91,NZ,overcast clouds,77,-45.4167,167.7167,53.33,0.0,0.0,1.61
203,george,0,ZA,clear sky,57,-33.963,22.4617,47.75,0.0,0.0,5.75
204,muncar,27,ID,scattered clouds,64,-8.4333,114.3333,84.81,0.0,0.0,8.55
205,juegang,87,CN,light rain,78,32.3174,121.1855,86.65,0.3,0.3,11.9
206,abonnema,94,NG,overcast clouds,86,4.7084,6.7931,73.47,0.0,0.0,3.91
207,varhaug,99,NO,overcast clouds,84,58.6147,5.6457,58.86,0.0,0.0,12.57
208,ovalle,0,CL,clear sky,57,-30.5983,-71.2003,52.84,0.0,0.0,0.89
209,labuhan,17,ID,few clouds,53,-6.8844,112.2051,87.84,0.0,0.0,2.39
210,upernavik,100,GL,overcast clouds,82,72.7868,-56.1549,47.01,0.0,0.0,12.8
211,goderich,84,CA,broken clouds,82,43.7501,-81.7165,68.04,0.0,0.0,5.75
212,yatou,80,CN,broken clouds,69,37.15,122.3833,84.15,0.0,0.0,17.13
213,krasnoselkup,0,RU,clear sky,66,65.7,82.4667,67.23,0.0,0.0,13.71
214,norman wells,75,CA,broken clouds,72,65.282,-126.8329,64.44,0.0,0.0,2.3
215,altay,21,CN,few clouds,23,47.8667,88.1167,75.69,0.0,0.0,6.26
216,ottersberg,57,DE,broken clouds,82,53.1,9.15,62.55,0.0,0.0,15.93
217,gramado,92,BR,overcast clouds,92,-29.3786,-50.8739,32.86,0.0,0.0,5.99
218,katherine,18,AU,few clouds,29,-14.4667,132.2667,91.72,0.0,0.0,8.05
219,saint-pierre,75,RE,light rain,68,-21.3393,55.4781,69.48,0.13,0.13,19.57
220,hualmay,72,PE,broken clouds,84,-11.0964,-77.6139,63.25,0.0,0.0,9.42
221,ordynskoye,36,RU,scattered clouds,40,54.3656,81.8994,71.55,0.0,0.0,8.7
222,havre-saint-pierre,90,CA,overcast clouds,88,50.2334,-63.5986,55.76,0.0,0.0,5.75
223,cherskiy,100,RU,overcast clouds,82,68.75,161.3,37.29,0.0,0.0,22.68
224,poltavka,0,RU,clear sky,58,54.3663,71.7632,59.61,0.0,0.0,10.69
225,ahipara,72,NZ,broken clouds,82,-35.1667,173.1667,59.58,0.0,0.0,7.02
226,sivas,58,TR,broken clouds,80,39.7916,37.0019,55.96,0.0,0.0,5.97
227,istok,1,XK,clear sky,42,42.7808,20.4875,61.72,0.0,0.0,3.13
228,kolyvan,65,RU,broken clouds,51,55.3053,82.7391,69.42,0.0,0.0,8.79
229,pevek,100,RU,snow,98,69.7008,170.3133,32.79,0.0,0.0,25.21
230,aitape,30,PG,scattered clouds,78,-3.1374,142.3475,84.0,0.0,0.0,7.74
231,ondangwa,5,NA,clear sky,49,-17.9167,15.95,48.2,0.0,0.0,3.44
232,talnakh,100,RU,overcast clouds,63,69.4865,88.3972,61.81,0.0,0.0,6.15
233,conceicao do araguaia,0,BR,clear sky,61,-8.2578,-49.2647,77.13,0.0,0.0,4.61
234,dharmadam,97,IN,overcast clouds,78,11.7833,75.4333,80.58,0.0,0.0,3.85
235,rio gallegos,90,AR,overcast clouds,66,-51.6226,-69.2181,46.45,0.0,0.0,12.66
236,clyde river,1,CA,clear sky,87,70.4692,-68.5914,41.23,0.0,0.0,2.3
237,bomet,100,KE,overcast clouds,93,-0.7813,35.3416,55.24,0.0,0.0,2.37
238,torbay,90,CA,overcast clouds,97,47.6666,-52.7314,67.75,0.0,0.0,8.05
239,barra do garcas,0,BR,clear sky,55,-15.89,-52.2567,64.98,0.0,0.0,9.22
240,biak,52,ID,broken clouds,70,-0.9131,122.8766,83.14,0.0,0.0,8.68
241,lincoln,1,US,clear sky,74,40.8,-96.667,87.3,0.0,0.0,3.0
242,nacozari,75,MX,broken clouds,71,25.3366,-108.2574,82.11,0.0,0.0,2.98
243,kavaratti,100,IN,overcast clouds,77,10.5669,72.642,82.26,0.0,0.0,16.53
244,barrow,90,US,moderate rain,93,71.2906,-156.7887,46.42,1.02,1.02,6.91
245,faya,78,SA,broken clouds,58,18.3851,42.4509,66.31,0.0,0.0,3.98
246,inegol,0,TR,clear sky,49,40.0781,29.5133,56.48,0.0,0.0,1.39
247,renala khurd,33,PK,scattered clouds,64,30.8833,73.6,88.99,0.0,0.0,7.85
248,berlevag,100,NO,overcast clouds,91,70.8578,29.0864,46.02,0.0,0.0,9.13
249,grand gaube,99,MU,overcast clouds,72,-20.0064,57.6608,72.0,0.0,0.0,10.0
250,dunedin,18,NZ,few clouds,73,-45.8742,170.5036,49.8,0.0,0.0,15.99
251,kundiawa,72,PG,broken clouds,80,-6.0167,144.9667,72.64,0.0,0.0,0.72
252,sibolga,100,ID,overcast clouds,63,1.7427,98.7792,85.26,0.0,0.0,4.32
253,lauchhammer,3,DE,clear sky,87,51.5,13.8,65.79,0.0,0.0,8.88
254,saint anthony,75,US,broken clouds,71,45.0205,-93.218,89.2,0.0,0.0,11.01
255,piacabucu,0,BR,clear sky,86,-10.4056,-36.4344,72.01,0.0,0.0,4.5
256,paso de los toros,4,UY,clear sky,86,-32.8167,-56.5167,34.45,0.0,0.0,7.63
257,prince rupert,90,CA,overcast clouds,87,54.3161,-130.3201,59.09,0.0,0.0,2.3
258,richards bay,4,ZA,clear sky,55,-28.783,32.0377,54.39,0.0,0.0,6.04
259,palmer,1,US,clear sky,84,42.1584,-72.3287,66.81,0.0,0.0,0.0
260,saint-joseph,84,RE,light rain,82,-21.3667,55.6167,68.38,0.31,0.31,20.09
261,qasigiannguit,49,GL,scattered clouds,91,68.8193,-51.1922,39.88,0.0,0.0,5.06
262,vrangel,18,RU,few clouds,80,42.7297,133.0839,76.78,0.0,0.0,5.44
263,culaman,100,PH,overcast clouds,68,5.9603,125.6586,87.3,0.0,0.0,11.83
264,santa cruz,90,BO,overcast clouds,23,-17.8,-63.1667,60.26,0.0,0.0,14.97
265,college,75,US,broken clouds,85,64.8569,-147.8028,64.72,0.0,0.0,3.44
266,huarmey,53,PE,broken clouds,85,-10.0681,-78.1522,64.78,0.0,0.0,10.2
267,kijang,72,KR,broken clouds,67,35.2442,129.2139,91.13,0.0,0.0,7.72
268,nampula,0,MZ,clear sky,94,-15.1165,39.2666,60.75,0.0,0.0,6.91
269,hirara,75,JP,broken clouds,74,24.8,125.2833,88.07,0.0,0.0,10.36
270,hun,0,LY,clear sky,61,29.1268,15.9477,73.96,0.0,0.0,4.07
271,alamosa,1,US,clear sky,59,37.4695,-105.87,69.31,0.0,0.0,6.91
272,alta floresta,0,BR,clear sky,57,-9.8756,-56.0861,71.37,0.0,0.0,6.8
273,bandarban,100,BD,light rain,91,22.1965,92.2262,80.31,0.87,0.87,6.91
274,kavieng,29,PG,scattered clouds,70,-2.5744,150.7967,84.52,0.0,0.0,6.53
275,chuy,51,UY,broken clouds,73,-33.6971,-53.4616,42.37,0.0,0.0,12.19
276,meulaboh,100,ID,overcast clouds,65,4.1363,96.1285,84.42,0.0,0.0,2.01
277,tupiza,90,BO,overcast clouds,23,-21.45,-65.7167,43.18,0.0,0.0,5.86
278,den helder,20,NL,few clouds,72,52.9599,4.7593,60.98,0.0,0.0,20.71
279,turukhansk,100,RU,overcast clouds,54,65.8167,87.9833,67.46,0.0,0.0,7.31
280,samoded,14,RU,few clouds,76,63.6083,40.5111,56.03,0.0,0.0,5.97
281,amapa,71,BR,broken clouds,99,1.0,-52.0,70.41,0.0,0.0,2.24
282,jesus carranza,90,MX,overcast clouds,94,17.4333,-95.0333,74.61,0.0,0.0,2.08
283,ilulissat,31,GL,scattered clouds,90,69.2167,-51.1,39.72,0.0,0.0,3.49
284,karratha,29,AU,scattered clouds,52,-20.7377,116.8463,76.19,0.0,0.0,13.04
285,la ronge,75,CA,broken clouds,59,55.1001,-105.2842,66.42,0.0,0.0,4.61
286,pinawa,0,CA,clear sky,42,50.1489,-95.8811,65.48,0.0,0.0,11.14
287,goundam,83,ML,broken clouds,68,16.4145,-3.6708,82.56,0.0,0.0,14.7
288,kontagora,100,NG,light rain,97,10.3999,5.4695,70.16,0.77,0.77,3.89
289,zhezkazgan,100,KZ,overcast clouds,21,47.8043,67.7144,77.23,0.0,0.0,5.86
290,batagay-alyta,85,RU,overcast clouds,33,67.8006,130.4114,60.98,0.0,0.0,6.2
291,erzin,0,TR,clear sky,34,36.9559,36.2,79.32,0.0,0.0,2.3
292,eureka,30,US,scattered clouds,80,40.8021,-124.1637,59.13,0.0,0.0,4.32
293,stolin,16,BY,few clouds,81,51.8912,26.846,67.51,0.0,0.0,5.79
294,boca do acre,66,BR,broken clouds,45,-8.7522,-67.3978,74.79,0.0,0.0,6.04
295,nanortalik,78,GL,broken clouds,90,60.1432,-45.2371,44.11,0.0,0.0,9.6
296,lithakia,0,GR,clear sky,62,37.7167,20.8333,78.58,0.0,0.0,5.48
297,port lincoln,0,AU,clear sky,52,-34.7333,135.8667,60.4,0.0,0.0,18.72
298,sao joao da barra,100,BR,overcast clouds,82,-21.6403,-41.0511,66.63,0.0,0.0,16.98
299,dong hoi,100,VN,overcast clouds,61,17.4833,106.6,90.32,0.0,0.0,8.19
300,tarakan,20,ID,few clouds,74,3.3,117.6333,83.7,0.0,0.0,3.44
301,shamary,83,RU,broken clouds,56,57.3434,58.2199,55.58,0.0,0.0,7.34
302,asekeyevo,26,RU,scattered clouds,42,53.5742,52.7972,64.54,0.0,0.0,3.49
303,jefferson city,1,US,clear sky,79,38.5767,-92.1735,84.13,0.0,0.0,0.0
304,changli,100,CN,light rain,95,39.7042,119.1506,72.39,0.52,0.52,7.96
305,malakal,100,SS,overcast clouds,97,9.5334,31.6605,70.56,0.0,0.0,4.41
306,touros,14,BR,few clouds,87,-5.1989,-35.4608,74.3,0.0,0.0,10.83
307,sakakah,0,SA,clear sky,35,29.9697,40.2064,80.17,0.0,0.0,10.22
308,bilibino,100,RU,overcast clouds,81,68.0546,166.4372,39.31,0.0,0.0,5.93
309,gayeri,75,BF,broken clouds,88,12.6497,0.4931,73.11,0.0,0.0,9.15
310,chara,34,RU,scattered clouds,45,56.9064,118.2631,74.46,0.0,0.0,12.93
311,bethanien,0,NA,clear sky,58,-26.502,17.1583,43.07,0.0,0.0,3.8
312,skelleftea,1,SE,clear sky,62,64.7507,20.9528,66.0,0.0,0.0,3.44
313,khamgaon,100,IN,overcast clouds,74,20.6833,76.5667,78.39,0.0,0.0,13.15
314,borogontsy,8,RU,clear sky,25,62.6683,131.1683,72.16,0.0,0.0,8.39
315,jos,98,NG,overcast clouds,96,9.9167,8.9,63.9,0.0,0.0,4.43
316,reconquista,0,AR,clear sky,59,-29.15,-59.65,37.99,0.0,0.0,4.41
317,gushikawa,40,JP,scattered clouds,77,26.3544,127.8686,87.39,0.0,0.0,6.91
318,baruun-urt,32,MN,scattered clouds,34,46.6806,113.2792,83.34,0.0,0.0,1.32
319,margate,18,GB,few clouds,82,51.3813,1.3862,56.91,0.0,0.0,3.0
320,roma,0,US,clear sky,92,43.2128,-75.4557,61.84,0.0,0.0,1.03
321,sao gabriel,6,BR,clear sky,90,-30.3364,-54.32,34.39,0.0,0.0,6.91
322,nouadhibou,0,MR,clear sky,88,20.931,-17.0347,67.98,0.0,0.0,12.66
323,chernyshevskiy,13,RU,few clouds,31,63.0128,112.4714,79.0,0.0,0.0,8.93
324,bireun,100,ID,overcast clouds,54,5.203,96.7009,87.1,0.0,0.0,4.52
325,sao filipe,86,CV,overcast clouds,75,14.8961,-24.4956,74.43,0.0,0.0,5.73
326,yangambi,100,CD,overcast clouds,81,0.8102,24.4336,72.68,0.0,0.0,2.33
327,diamantino,0,BR,clear sky,28,-14.4086,-56.4461,57.52,0.0,0.0,10.96
328,husavik,100,IS,overcast clouds,98,66.0449,-17.3389,46.31,0.0,0.0,6.71
329,tuatapere,98,NZ,overcast clouds,74,-46.1333,167.6833,55.81,0.0,0.0,5.26
330,phuthaditjhaba,0,ZA,clear sky,51,-28.5242,28.8158,39.67,0.0,0.0,5.55
331,hauge,99,NO,overcast clouds,90,58.3436,6.2812,60.69,0.0,0.0,6.49
332,hofn,100,IS,overcast clouds,79,64.2539,-15.2082,54.77,0.0,0.0,11.27
333,bathsheba,40,BB,scattered clouds,83,13.2167,-59.5167,81.21,0.0,0.0,16.11
334,kudahuvadhoo,83,MV,broken clouds,74,2.6708,72.8944,81.9,0.0,0.0,6.6
335,picton,0,AU,clear sky,36,-34.1833,150.6,64.47,0.0,0.0,9.86
336,fortuna,24,US,few clouds,83,40.5982,-124.1573,58.86,0.0,0.0,4.27
337,lavrentiya,99,RU,overcast clouds,96,65.5833,-171.0,44.73,0.0,0.0,8.5
338,waddan,0,LY,clear sky,60,29.1614,16.139,73.74,0.0,0.0,3.65
339,mansehra,99,PK,overcast clouds,83,34.3333,73.2,76.05,0.0,0.0,2.1
340,portland,20,US,few clouds,43,45.5234,-122.6762,88.39,0.0,0.0,1.01
341,chardara,0,KZ,clear sky,23,41.2547,67.9692,85.28,0.0,0.0,5.5
342,zhongshu,56,CN,broken clouds,73,24.5167,103.7667,75.79,0.0,0.0,0.58
343,nara,6,JP,clear sky,42,34.6851,135.8049,92.52,0.0,0.0,8.34
344,bonthe,100,SL,overcast clouds,74,7.5264,-12.505,76.86,0.0,0.0,8.7
345,san lawrenz,0,MT,clear sky,49,36.0553,14.204,80.85,0.0,0.0,1.99
346,sainte-suzanne,0,RE,light rain,77,-20.9061,55.6089,70.02,0.31,0.31,19.57
347,marshall,1,US,clear sky,77,34.3834,-86.3333,78.1,0.0,0.0,0.0
348,lubango,8,AO,clear sky,38,-14.9172,13.4925,50.27,0.0,0.0,4.99
349,namibe,1,AO,clear sky,80,-15.1961,12.1522,63.54,0.0,0.0,2.08
350,san juan,0,AR,clear sky,41,-31.5375,-68.5364,45.39,0.0,0.0,3.85
351,kutum,99,SD,overcast clouds,70,14.2,24.6667,75.2,0.0,0.0,3.29
352,chinhoyi,2,ZW,clear sky,84,-17.3667,30.2,46.44,0.0,0.0,1.99
353,guasdualito,100,VE,overcast clouds,97,7.2424,-70.7324,71.8,0.0,0.0,2.08
354,east london,20,ZA,few clouds,88,-33.0153,27.9116,56.34,0.0,0.0,8.05
355,kidal,28,ML,scattered clouds,49,18.4411,1.4078,86.36,0.0,0.0,8.12
356,mecca,100,SA,overcast clouds,55,21.4267,39.8261,87.76,0.0,0.0,3.04
357,liwale,0,TZ,clear sky,90,-9.7667,37.9333,56.75,0.0,0.0,3.8
358,saldanha,57,ZA,broken clouds,79,-33.0117,17.9442,50.05,0.0,0.0,14.07
359,sitka,20,US,few clouds,63,57.0531,-135.33,64.29,0.0,0.0,14.97
360,linfen,4,CN,clear sky,36,36.0889,111.5189,90.81,0.0,0.0,7.02
361,honningsvag,75,NO,light intensity drizzle,81,70.9821,25.9704,46.15,0.0,0.0,8.05
362,kinsale,75,IE,broken clouds,87,51.7075,-8.5306,51.17,0.0,0.0,4.61
363,ugoofaaru,100,MV,overcast clouds,74,5.6667,73.0,82.65,0.0,0.0,12.39
364,oktyabrskiy,23,RU,few clouds,43,54.4815,53.471,65.44,0.0,0.0,5.28
365,starokorsunskaya,0,RU,clear sky,73,45.0573,39.3161,70.9,0.0,0.0,2.24
366,yamada,62,JP,broken clouds,80,39.4667,141.95,80.4,0.0,0.0,10.94
367,calafell,0,ES,clear sky,88,41.2,1.5683,74.68,0.0,0.0,1.86
368,umm lajj,46,SA,scattered clouds,71,25.0213,37.2685,85.96,0.0,0.0,4.5
369,abatskoye,7,RU,clear sky,55,56.2875,70.4555,59.09,0.0,0.0,8.43
370,naze,21,JP,few clouds,81,28.3667,129.4833,83.32,0.0,0.0,9.93
371,asosa,100,ET,overcast clouds,87,10.0667,34.5333,58.78,0.0,0.0,3.65
372,punata,87,BO,overcast clouds,77,-17.55,-65.8333,53.38,0.0,0.0,1.25
373,manosque,3,FR,clear sky,79,43.8288,5.7869,69.76,0.0,0.0,4.92
374,rochester,1,US,clear sky,86,43.1548,-77.6156,64.08,0.0,0.0,3.44
375,preobrazheniye,10,RU,clear sky,65,42.9019,133.9064,81.18,0.0,0.0,5.37
376,tommot,4,RU,clear sky,46,58.9564,126.2925,71.85,0.0,0.0,11.07
377,poum,2,NC,clear sky,64,-20.2333,164.0167,73.47,0.0,0.0,15.26
378,gizeh,0,EG,clear sky,66,30.0081,31.2109,79.54,0.0,0.0,8.25
379,san lorenzo,0,PY,clear sky,65,-25.3333,-57.5333,41.94,0.0,0.0,5.01
380,singaraja,21,ID,few clouds,63,-8.112,115.0882,85.53,0.0,0.0,2.68
381,rovaniemi,20,FI,few clouds,88,66.5,25.7167,58.41,0.0,0.0,17.27
382,guymon,1,US,clear sky,51,36.6828,-101.4816,83.32,0.0,0.0,10.36
383,san policarpo,93,PH,overcast clouds,55,12.1791,125.5072,91.27,0.0,0.0,6.38
384,fort nelson,20,CA,few clouds,35,58.8053,-122.7002,74.79,0.0,0.0,4.61
385,luderitz,0,NA,clear sky,76,-26.6481,15.1594,52.59,0.0,0.0,13.24
386,blagoyevo,98,RU,overcast clouds,84,63.3667,47.9167,52.03,0.0,0.0,5.19
387,constitucion,0,CL,clear sky,63,-35.3333,-72.4167,49.26,0.0,0.0,5.75
388,hami,61,CN,broken clouds,13,42.8,93.45,100.29,0.0,0.0,16.73
389,tromso,32,NO,scattered clouds,80,69.6496,18.957,49.37,0.0,0.0,1.01
390,sambava,2,MG,clear sky,75,-14.2667,50.1667,66.69,0.0,0.0,7.2
391,save,100,BJ,overcast clouds,90,8.0425,2.486,70.41,0.0,0.0,3.18
392,acajutla,99,SV,light rain,86,13.5928,-89.8275,77.81,0.8,0.8,4.83
393,hasaki,15,JP,few clouds,77,35.7333,140.8333,91.29,0.0,0.0,18.52
394,tual,100,ID,overcast clouds,80,-5.6667,132.75,81.36,0.0,0.0,15.97
395,chama,20,CH,few clouds,90,47.1821,8.4636,64.62,0.0,0.0,0.0
396,myre,33,NO,scattered clouds,83,69.1036,15.9492,51.03,0.0,0.0,23.09
397,guacimo,100,CR,overcast clouds,97,10.2104,-83.6807,83.01,0.0,0.0,2.13
398,gat,6,IL,clear sky,83,31.61,34.7642,77.92,0.0,0.0,3.67
399,kununurra,6,AU,clear sky,29,-15.7667,128.7333,94.98,0.0,0.0,5.75
400,norsup,63,VU,broken clouds,74,-16.0667,167.3833,80.08,0.0,0.0,10.2
401,garowe,100,SO,overcast clouds,60,8.4054,48.4845,75.67,0.0,0.0,24.02
402,coahuayana,71,MX,broken clouds,87,18.7333,-103.6833,77.94,0.0,0.0,2.08
403,grindavik,0,IS,clear sky,93,63.8424,-22.4338,51.75,0.0,0.0,11.5
404,puertollano,0,ES,clear sky,43,38.6871,-4.1073,77.16,0.0,0.0,3.85
405,cepu,36,ID,scattered clouds,47,-7.1475,111.5906,88.93,0.0,0.0,6.42
406,salalah,98,OM,overcast clouds,94,17.0151,54.0924,76.53,0.0,0.0,11.03
407,taybad,0,IR,clear sky,14,34.74,60.7756,84.13,0.0,0.0,29.01
408,bay roberts,95,CA,overcast clouds,95,47.5999,-53.2648,68.5,0.0,0.0,8.03
409,port-cartier,90,CA,overcast clouds,77,50.0334,-66.8654,56.75,0.0,0.0,6.73
410,batticaloa,100,LK,overcast clouds,55,7.7102,81.6924,87.91,0.0,0.0,7.76
411,bolshaya glushitsa,99,RU,overcast clouds,39,50.2406,43.5908,77.68,0.0,0.0,8.16
412,bilma,72,NE,broken clouds,38,18.6853,12.9164,89.58,0.0,0.0,8.03
413,codrington,43,AU,scattered clouds,78,-38.2667,141.9667,53.44,0.0,0.0,11.95
414,lima,90,PE,overcast clouds,88,-12.0432,-77.0282,59.25,0.0,0.0,12.66
415,acarau,25,BR,scattered clouds,90,-2.8856,-40.12,76.98,0.0,0.0,11.34
416,majene,55,ID,light rain,63,-3.5403,118.9707,85.82,0.13,0.13,7.25
417,abbeville,62,FR,broken clouds,92,50.1,1.8333,60.76,0.0,0.0,12.3
418,san cristobal,100,VE,overcast clouds,98,7.7669,-72.225,73.58,0.0,0.0,3.83
419,penzance,77,GB,broken clouds,73,50.1186,-5.5371,60.01,0.0,0.0,16.13
420,merauke,44,ID,scattered clouds,77,-8.4667,140.3333,82.6,0.0,0.0,14.54
421,airai,8,TL,clear sky,28,-8.9266,125.4092,77.99,0.0,0.0,5.14
422,gisenyi,70,RW,broken clouds,78,-1.7028,29.2564,62.64,0.0,0.0,2.59
423,mapiri,100,BO,overcast clouds,99,-15.25,-68.1667,54.99,0.0,0.0,1.3
424,ambanja,0,MG,clear sky,67,-13.6833,48.45,64.33,0.0,0.0,4.12
425,calamar,9,CO,clear sky,88,10.2511,-74.9146,82.35,0.0,0.0,5.41
426,rumphi,29,MW,scattered clouds,80,-11.0186,33.8575,51.71,0.0,0.0,3.98
427,maymyo,100,MM,overcast clouds,85,22.0333,96.4667,72.77,0.0,0.0,3.71
428,nouakchott,96,MR,overcast clouds,84,18.0858,-15.9785,74.16,0.0,0.0,13.98
429,kabwe,92,ZM,overcast clouds,82,-14.4469,28.4464,47.61,0.0,0.0,4.45
430,qrendi,0,MT,clear sky,34,35.8347,14.4583,81.1,0.0,0.0,9.22
431,surt,0,LY,clear sky,69,31.2089,16.5887,78.89,0.0,0.0,7.92
432,bela,100,IN,overcast clouds,75,25.9333,81.9833,85.3,0.0,0.0,8.08
433,srandakan,70,ID,broken clouds,69,-7.9386,110.2506,82.6,0.0,0.0,11.05
434,malanville,98,BJ,light rain,91,11.8685,3.3899,73.85,0.2,0.2,5.7
435,sohbatpur,80,PK,broken clouds,50,28.5202,68.5434,95.47,0.0,0.0,8.93
436,la ligua,0,CL,clear sky,55,-32.4524,-71.2311,40.78,0.0,0.0,0.74
437,bambous virieux,40,MU,scattered clouds,68,-20.3428,57.7575,71.85,0.0,0.0,17.27
438,takoradi,100,GH,overcast clouds,79,4.8845,-1.7554,76.3,0.0,0.0,6.42
439,salinopolis,13,BR,few clouds,84,-0.6136,-47.3561,77.86,0.0,0.0,8.52
440,aquiraz,22,BR,few clouds,87,-3.9014,-38.3911,80.69,0.0,0.0,9.33
441,champerico,100,GT,overcast clouds,83,14.3,-91.9167,82.35,0.0,0.0,7.31
442,dubbo,2,AU,clear sky,44,-32.25,148.6167,57.33,0.0,0.0,13.8
443,luancheng,100,CN,light rain,92,37.8792,114.6517,73.56,0.59,0.59,8.14
444,saint-alexandre,2,FR,clear sky,78,44.2278,4.6214,70.3,0.0,0.0,7.25
445,komsomolskiy,25,UZ,scattered clouds,28,40.4272,71.7189,84.92,0.0,0.0,6.91
446,chapais,100,CA,overcast clouds,69,49.7834,-74.8492,51.58,0.0,0.0,5.03
447,la palma,20,US,few clouds,67,33.8464,-118.0467,89.35,0.0,0.0,5.01
448,moron,2,AR,clear sky,80,-34.6534,-58.6198,44.35,0.0,0.0,3.91
449,warri,95,NG,overcast clouds,90,5.5167,5.75,72.91,0.0,0.0,3.2
450,lerwick,100,GB,overcast clouds,97,60.1545,-1.1494,57.2,0.0,0.0,9.19
451,zeya,100,RU,overcast clouds,88,53.75,127.2667,69.55,0.0,0.0,1.16
452,dzerzhinsk,90,RU,light intensity shower rain,93,56.2389,43.4631,62.42,0.27,0.27,2.24
453,lamu,39,KE,light rain,81,-2.2717,40.902,70.02,0.35,0.35,15.26
454,okhotsk,100,RU,light rain,78,59.3833,143.3,53.58,0.14,0.14,9.75
455,guerrero negro,0,MX,clear sky,85,27.9769,-114.0611,70.0,0.0,0.0,17.34
456,manadhoo,100,MV,overcast clouds,74,5.7667,73.3833,82.67,0.0,0.0,13.51
457,peterhead,98,GB,overcast clouds,97,57.5058,-1.7981,57.6,0.0,0.0,15.88
458,kapit,64,MY,broken clouds,48,2.0167,112.9333,94.46,0.0,0.0,0.87
459,felnac,0,RO,clear sky,76,46.1167,21.15,73.29,0.0,0.0,4.61
460,mishkino,18,RU,few clouds,53,55.3389,63.9175,58.28,0.0,0.0,10.36
461,hue,20,VN,few clouds,36,16.4667,107.6,98.71,0.0,0.0,18.41
462,bardiyah,0,LY,clear sky,74,31.7561,25.0865,77.63,0.0,0.0,10.58
463,santa fe,0,AR,clear sky,59,-31.6333,-60.7,43.0,0.0,0.0,1.01
464,osa,68,RU,broken clouds,63,57.2829,55.4567,59.05,0.0,0.0,7.49
465,belozerskoye,14,RU,few clouds,48,55.8214,65.5842,58.8,0.0,0.0,9.98
466,harper,81,LR,light rain,81,4.375,-7.7169,76.23,0.26,0.26,7.14
467,guiren,100,CN,light rain,93,33.6697,118.1889,72.43,0.13,0.13,16.6
468,soto,0,AR,clear sky,56,-32.8107,-61.4026,39.11,0.0,0.0,4.38
469,koslan,94,RU,overcast clouds,87,63.4564,48.8989,49.69,0.0,0.0,5.79
470,sheridan,1,US,clear sky,29,44.8333,-106.9173,82.58,0.0,0.0,3.44
471,cobija,7,BO,clear sky,41,-11.0267,-68.7692,66.4,0.0,0.0,7.61
472,araripina,100,BR,overcast clouds,56,-7.5761,-40.4983,73.36,0.0,0.0,3.69
473,bonfim,95,BR,overcast clouds,85,3.0833,-59.95,75.0,0.0,0.0,3.51
474,manturovo,80,RU,broken clouds,82,58.3353,44.7619,62.8,0.0,0.0,6.67
475,nhulunbuy,20,AU,few clouds,58,-12.2333,136.7667,86.61,0.0,0.0,11.5
476,masalli,55,KR,broken clouds,57,34.7959,126.6553,89.28,0.0,0.0,7.7
477,gokul,100,IN,overcast clouds,74,27.45,77.7167,85.01,0.0,0.0,8.28
478,mount pleasant,1,US,mist,96,32.7941,-79.8626,80.01,0.0,0.0,1.99
479,atasu,100,KZ,overcast clouds,27,48.6814,71.6433,72.59,0.0,0.0,4.25
480,hisar,100,IN,light rain,78,29.1667,75.7167,83.14,0.12,0.12,4.9
481,ballina,40,AU,scattered clouds,56,-28.8667,153.5667,75.38,0.0,0.0,14.97
482,liberal,1,US,clear sky,51,37.0431,-100.921,84.34,0.0,0.0,10.36
483,mnogovershinnyy,79,RU,light rain,70,53.9353,139.9242,72.9,0.37,0.37,4.79
484,kieta,52,PG,light rain,71,-6.2167,155.6333,83.89,0.21,0.21,4.36
485,pozo colorado,31,PY,scattered clouds,45,-23.4923,-58.7972,43.12,0.0,0.0,6.4
486,toropets,40,RU,scattered clouds,91,56.4978,31.6353,63.88,0.0,0.0,4.59
487,puerto escondido,98,MX,overcast clouds,87,15.85,-97.0667,79.27,0.0,0.0,4.43
488,schenectady,22,US,few clouds,72,42.8334,-74.0829,62.62,0.0,0.0,1.81
489,aykhal,8,RU,clear sky,46,66.0,111.5,80.51,0.0,0.0,5.26
490,shahr-e babak,80,IR,broken clouds,13,30.1165,55.1186,78.33,0.0,0.0,9.15
491,potiskum,88,NG,overcast clouds,93,11.7091,11.0694,70.23,0.0,0.0,5.23
492,chicama,92,PE,overcast clouds,83,-7.8447,-79.1469,66.33,0.0,0.0,6.31
493,lashio,100,MM,overcast clouds,92,22.9333,97.75,72.21,0.0,0.0,1.74
494,singkang,84,MY,broken clouds,53,2.1006,102.7994,84.09,0.0,0.0,8.12
495,denpasar,75,ID,broken clouds,83,-8.65,115.2167,82.06,0.0,0.0,16.11
496,mayumba,6,GA,clear sky,92,-3.432,10.6554,69.78,0.0,0.0,6.13
497,westport,0,US,clear sky,90,41.1415,-73.3579,72.99,0.0,0.0,5.01
498,pangai,40,TO,scattered clouds,64,-19.8,-174.35,75.31,0.0,0.0,13.8
499,oktyabrskoye,2,RU,clear sky,93,43.0645,44.7417,59.14,0.0,0.0,4.47
500,mehamn,100,NO,overcast clouds,91,71.0357,27.8492,46.58,0.0,0.0,8.95
501,celestun,70,MX,broken clouds,81,20.8667,-90.4,79.74,0.0,0.0,10.11
502,monte alegre de minas,88,BR,overcast clouds,24,-18.8706,-48.8808,54.25,0.0,0.0,13.78
503,zhigalovo,5,RU,clear sky,33,54.8097,105.1578,86.94,0.0,0.0,0.94
504,derzhavinsk,6,KZ,clear sky,47,51.1,66.3167,65.03,0.0,0.0,12.1
505,auki,26,SB,scattered clouds,66,-8.7676,160.7034,84.54,0.0,0.0,3.11
506,pelym,100,RU,overcast clouds,91,61.0108,61.9978,46.15,0.0,0.0,6.24
507,palotina,43,BR,scattered clouds,58,-24.2839,-53.84,42.42,0.0,0.0,6.44
508,leshukonskoye,99,RU,overcast clouds,82,64.8989,45.7622,49.62,0.0,0.0,3.96
509,angoram,36,PG,scattered clouds,72,-4.0625,144.0661,87.39,0.0,0.0,3.15
510,ahuimanu,90,US,overcast clouds,67,21.4447,-157.8378,83.91,0.0,0.0,11.5
511,hammerfest,90,NO,overcast clouds,87,70.6634,23.6821,46.85,0.0,0.0,8.05
512,abong mbang,90,CM,overcast clouds,99,3.9833,13.1833,65.89,0.0,0.0,2.28
513,shenjiamen,66,CN,broken clouds,85,29.9576,122.298,81.63,0.0,0.0,17.81
514,south lake tahoe,1,US,clear sky,40,38.9332,-119.9844,81.25,0.0,0.0,4.61
515,altus,1,US,clear sky,65,34.6381,-99.334,85.51,0.0,0.0,6.91
516,jinchang,0,CN,clear sky,12,38.4953,102.1739,90.23,0.0,0.0,4.79
517,bo phloi,100,TH,overcast clouds,62,14.3236,99.5161,85.26,0.0,0.0,9.28
518,san ramon,1,US,clear sky,67,37.7799,-121.978,79.03,0.0,0.0,13.8
519,sergeyevka,2,KZ,clear sky,51,53.88,67.4158,60.8,0.0,0.0,7.61
520,cockburn town,100,TC,overcast clouds,78,21.4612,-71.1419,81.72,0.0,0.0,21.52
521,buchanan,96,LR,overcast clouds,75,5.8808,-10.0467,76.15,0.0,0.0,6.15
522,xining,0,CN,clear sky,36,36.6167,101.7667,71.1,0.0,0.0,2.26
523,roebourne,2,AU,clear sky,49,-20.7833,117.1333,77.47,0.0,0.0,13.2
524,dzilam gonzalez,49,MX,scattered clouds,89,21.2833,-88.9333,76.08,0.0,0.0,5.82
525,chumikan,100,RU,overcast clouds,96,54.7183,135.315,55.67,0.0,0.0,10.69
526,tupelo,1,US,clear sky,80,34.2576,-88.7034,82.69,0.0,0.0,0.0
527,shimoda,36,JP,scattered clouds,75,34.6667,138.95,87.1,0.0,0.0,11.36
528,nelson bay,0,AU,clear sky,40,-32.7167,152.15,67.28,0.0,0.0,16.13
529,aklavik,100,CA,overcast clouds,81,68.2191,-135.0107,61.63,0.0,0.0,4.94
530,bima,14,ID,few clouds,49,-8.4667,118.7167,91.42,0.0,0.0,7.58
531,iskateley,100,RU,overcast clouds,86,67.6803,53.1512,45.0,0.0,0.0,2.48
532,inhambane,20,MZ,few clouds,94,-23.865,35.3833,53.58,0.0,0.0,0.0
533,kimbe,99,PG,light rain,80,-5.5502,150.1429,81.75,0.45,0.45,3.0
534,kurchum,74,KZ,broken clouds,33,48.5722,83.6542,69.8,0.0,0.0,4.92
535,shirvan,64,AZ,broken clouds,47,39.9509,48.8994,77.49,0.0,0.0,6.78
536,novikovo,1,RU,clear sky,73,51.1537,37.8879,68.18,0.0,0.0,3.91
537,tacuati,58,PY,broken clouds,54,-23.45,-56.5833,41.5,0.0,0.0,3.78
538,jieshi,100,CN,overcast clouds,73,22.8134,115.8257,89.94,0.0,0.0,13.85
539,nagato,1,JP,clear sky,63,34.3833,131.2,85.95,0.0,0.0,6.67
540,sabzevar,0,IR,clear sky,31,36.2126,57.6819,76.28,0.0,0.0,6.91
541,argudan,0,RU,clear sky,66,43.4214,43.9158,65.28,0.0,0.0,0.13
542,olafsvik,56,IS,broken clouds,87,64.8945,-23.7142,51.04,0.0,0.0,14.74
543,monclova,57,MX,broken clouds,62,26.9,-101.4167,84.06,0.0,0.0,7.23
544,praia da vitoria,75,PT,broken clouds,94,38.7333,-27.0667,70.75,0.0,0.0,6.73
545,mama,11,RU,few clouds,35,58.3106,112.8986,82.53,0.0,0.0,13.0
546,ust-ishim,39,RU,scattered clouds,58,57.6935,71.1665,56.57,0.0,0.0,5.75
547,tonj,91,SS,overcast clouds,98,7.2737,28.6822,67.59,0.0,0.0,3.96
548,anzio,0,IT,clear sky,64,41.4853,12.6179,77.36,0.0,0.0,11.25
549,tigil,93,RU,overcast clouds,60,57.8,158.6667,58.32,0.0,0.0,8.72
550,irricana,42,CA,scattered clouds,45,51.3237,-113.6048,77.18,0.0,0.0,8.95
551,sobolevo,13,RU,few clouds,88,54.4299,31.8996,65.14,0.0,0.0,3.91
552,san patricio,2,US,clear sky,69,28.017,-97.5169,84.88,0.0,0.0,7.7
553,kintinku,0,TZ,clear sky,63,-5.8833,35.2333,60.37,0.0,0.0,1.77
554,sinnamary,100,GF,overcast clouds,88,5.3833,-52.95,76.87,0.0,0.0,7.58
555,tura,100,IN,overcast clouds,89,25.5198,90.2201,77.18,0.0,0.0,6.87
556,porto velho,0,BR,clear sky,64,-8.7619,-63.9039,75.25,0.0,0.0,5.75
557,najran,47,SA,scattered clouds,51,17.4924,44.1277,83.05,0.0,0.0,9.1
558,sibu,20,MY,few clouds,62,2.3,111.8167,89.91,0.0,0.0,3.0
559,schwedt,5,DE,clear sky,92,53.0596,14.2815,64.58,0.0,0.0,6.8
560,padang,26,ID,scattered clouds,69,-0.9492,100.3543,75.25,0.0,0.0,5.35
561,elko,90,US,overcast clouds,40,41.0002,-115.5012,78.82,0.0,0.0,1.99
562,vestmanna,90,FO,light intensity drizzle,100,62.1564,-7.1664,49.12,0.0,0.0,18.41
563,anadyr,40,RU,scattered clouds,58,64.75,177.4833,54.1,0.0,0.0,20.13
564,ganta,99,LR,overcast clouds,99,7.3022,-8.5308,66.63,0.0,0.0,2.59
565,clinton,40,US,scattered clouds,86,42.587,-82.9199,77.32,0.0,0.0,1.99
566,trinidad,100,BO,overcast clouds,20,-14.8333,-64.9,62.51,0.0,0.0,10.89
567,laguna,40,US,scattered clouds,32,38.421,-121.4238,94.84,0.0,0.0,8.05
568,pavlovo,100,RU,light rain,94,55.9686,43.0912,61.95,0.11,0.11,7.34
569,scranton,1,US,clear sky,89,41.409,-75.6624,62.83,0.0,0.0,2.13
570,tagusao,100,PH,overcast clouds,60,9.1924,117.8141,88.57,0.0,0.0,16.31
571,kathmandu,75,NP,broken clouds,78,27.7167,85.3167,77.22,0.0,0.0,0.0
572,nereju,1,RO,clear sky,61,45.7167,26.7167,59.02,0.0,0.0,6.42
573,virginia beach,20,US,few clouds,85,36.8529,-75.978,76.01,0.0,0.0,0.0
574,niles,60,US,broken clouds,84,42.0189,-87.8028,82.35,0.0,0.0,1.01
575,mzimba,74,MW,broken clouds,81,-11.9,33.6,50.95,0.0,0.0,6.76
576,angoche,0,MZ,clear sky,72,-16.2325,39.9086,68.23,0.0,0.0,6.87
577,thinadhoo,98,MV,overcast clouds,70,0.5333,72.9333,81.34,0.0,0.0,5.06
578,kargil,64,IN,broken clouds,47,34.5667,76.1,65.5,0.0,0.0,3.0
579,corvallis,1,US,clear sky,36,44.5646,-123.262,90.07,0.0,0.0,10.36
580,mokhsogollokh,8,RU,clear sky,28,61.4681,128.9203,70.66,0.0,0.0,10.74
581,wazirganj,100,IN,overcast clouds,66,28.2167,79.05,87.03,0.0,0.0,4.56
